{"data": [{"uid": "zZpRhwaNlucziQPZ", "label": "bathtub", "modelId": "custom.abandon", "children": [], "objectId": 4, "segments": {"obb": {"centroid": [91.96802738366812, 44.5071501951779, -45.266009990555524], "axesLengths": [163.11623509850727, 55.671775007690115, 67.57197351378625], "normalizedAxes": [0.7915783640495583, 0.002977226581793219, 0.6110604141085444, 0.0006872838869490298, 0.9999831606653939, -0.005762467050470498, -0.611067280427846, 0.004981416217270124, 0.7915629881967616]}, "partId": 4, "fixScale": true, "segments": [75456, 110213, 110073, 111066, 111094, 113595, 112842, 111778, 112912, 112060, 112469, 76737], "fixRotate": true, "obbAligned": {"centroid": [-0.7259800595460582, 0.4467902544198721, -0.6961284444517244], "axesLengths": [0.6757197351378624, 1.6311623509850728, 0.5567177500769012], "normalizedAxes": [0.7915629881967616, -0.611067280427846, 0.004981416217270124, 0.6110604141085444, 0.7915783640495583, 0.002977226581793219, -0.005762467050470498, 0.0006872838869490298, 0.9999831606653939]}, "fixPosition": true, "dominantNormal": [0.0006872838869490298, 0.9999831606653939, -0.005762467050470498]}, "hierarchy": 1, "isInGroup": false, "labelType": "category", "attributes": {"tags": ["regular_shape", "current_scanning"], "attributes": {"occlusion": "0~20%", "orientation": "1", "incompleteness": "20%~50%"}}}, {"uid": "Hl6BUuzCMdBRbiFf", "label": "toilet", "modelId": "custom.abandon", "children": [], "objectId": 4, "segments": {"obb": {"centroid": [91.325970841553, 54.73238843758742, 69.44025485919286], "axesLengths": [37.74406424194916, 74.79842646046447, 66.55911052896444], "normalizedAxes": [-0.6276698371110319, 0.005069878387349699, 0.7784631474348348, 0.0008583805903661303, 0.9999826925835593, -0.005820456691430031, -0.7784791832565429, -0.00298510744734831, -0.6276633256529771]}, "partId": 4, "fixScale": true, "segments": [4603], "fixRotate": true, "obbAligned": {"centroid": [0.4210825889514257, 0.440369688998721, -0.5938760620276292], "axesLengths": [0.6655911052896444, 0.3774406424194916, 0.7479842646046447], "normalizedAxes": [-0.6276633256529771, -0.7784791832565429, -0.00298510744734831, 0.7784631474348348, -0.6276698371110319, 0.005069878387349699, -0.005820456691430031, 0.0008583805903661303, 0.9999826925835593]}, "fixPosition": true, "dominantNormal": [-0.6276698371110319, 0.005069878387349699, 0.7784631474348348]}, "hierarchy": 1, "isInGroup": false, "labelType": "category", "attributes": {"tags": ["regular_shape", "current_scanning"], "attributes": {"occlusion": "0~20%", "orientation": "1", "incompleteness": "20%~50%"}}}, {"uid": "bLzSmksusiWl5HdY", "label": "sink", "modelId": "custom.abandon", "children": [], "objectId": 4, "segments": {"obb": {"centroid": [8.730684475385237, 90.98834182221513, -35.875552502903574], "axesLengths": [56.13475682656698, 18.488696935395296, 44.18884047882775], "normalizedAxes": [0.6122290171032037, 0, -0.7906804857948913, 0, 1, 0, 0.7906804857948913, 0, 0.6122290171032037]}, "partId": 4, "fixScale": true, "segments": [120475, 128352, 125321, 110537, 110715], "fixRotate": true, "obbAligned": {"centroid": [-0.6320754846695387, -0.3855831746629567, -0.23131652818135207], "axesLengths": [0.4418884047882775, 0.5613475682656698, 0.18488696935395296], "normalizedAxes": [0.6122290171032037, 0.7906804857948913, 0, -0.7906804857948913, 0.6122290171032037, 0, 0, 0, 1]}, "fixPosition": true, "dominantNormal": [0, 1, 0]}, "hierarchy": 1, "isInGroup": false, "labelType": "category", "attributes": {"tags": ["regular_shape", "current_scanning"], "attributes": {"occlusion": "0~20%", "orientation": "1", "incompleteness": "20%~50%"}}}], "stats": {"labelCount": 3, "totalSegments": 4338, "totalVertices": 258158, "percentComplete": 1.4250962588802205, "annotatedSegments": 18, "annotatedVertices": 3679, "unannotatedSegments": 4320, "unannotatedVertices": 254479}, "comment": "", "confirm": false, "skipped": false, "attributes": {"tags": [], "attributes": {}}, "mesh_quality": [], "relabel_reason": "", "skipped_reason": "", "label_version": "LO_v1.4.2"}