{"data": [{"uid": "Xnm9bil7NjSTAZkk", "label": "sofa", "modelId": "custom.abandon", "children": [], "objectId": 22, "segments": {"obb": {"centroid": [125.99923057821236, 79.04304167436254, -35.20286336773917], "axesLengths": [245.87742863138703, 86.31087444600543, 98.15922772664614], "normalizedAxes": [0.9892791221366356, 0.0032387691387391043, -0.14600112629371578, -0.0033308476547107497, 0.9999943781320181, -0.0003862101234966066, 0.1459990546492295, 0.0008683771210335557, 0.9892843483866036]}, "partId": 22, "fixScale": true, "segments": [235910, 217818], "fixRotate": true, "obbAligned": {"centroid": [-0.058848644816307694, 3.446832243945881, 0.20543043820129758], "axesLengths": [0.9815922772664614, 2.4587742863138704, 0.8631087444600543], "normalizedAxes": [0.9892843483866036, 0.1459990546492295, 0.0008683771210335557, -0.14600112629371578, 0.9892791221366356, 0.0032387691387391043, -0.0003862101234966066, -0.0033308476547107497, 0.9999943781320181]}, "fixPosition": true, "dominantNormal": [-0.0033308476547107497, 0.9999943781320181, -0.0003862101234966066]}, "hierarchy": 1, "isInGroup": false, "labelType": "category", "attributes": {"tags": ["double_surface", "regular_shape", "current_scanning"], "attributes": {"occlusion": "0~20%", "orientation": "1", "incompleteness": "20%~50%"}}}, {"uid": "7QLPmSxm0Iyalvp6", "label": "sofa", "modelId": "custom.abandon", "children": [], "objectId": 22, "segments": {"obb": {"centroid": [212.58743112837487, 58.77009299742541, 24.27087333347002], "axesLengths": [92.18956055597295, 45.142442107964655, 44.87921880880261], "normalizedAxes": [0.9892791221366356, 0.0032387691387391043, -0.14600112629371578, -0.0033308476547107497, 0.9999943781320181, -0.0003862101234966066, 0.1459990546492295, 0.0008683771210335557, 0.9892843483866036]}, "partId": 22, "fixScale": true, "segments": [132106], "fixRotate": true, "obbAligned": {"centroid": [0.5358887221957842, 4.312714249447506, 0.0027009514319261685], "axesLengths": [0.4487921880880261, 0.9218956055597295, 0.45142442107964653], "normalizedAxes": [0.9892843483866036, 0.1459990546492295, 0.0008683771210335557, -0.14600112629371578, 0.9892791221366356, 0.0032387691387391043, -0.0003862101234966066, -0.0033308476547107497, 0.9999943781320181]}, "fixPosition": true, "dominantNormal": [0.1459990546492295, 0.0008683771210335557, 0.9892843483866036]}, "hierarchy": 1, "isInGroup": false, "labelType": "category", "attributes": {"tags": ["double_surface", "current_scanning"], "attributes": {"occlusion": "0~20%", "orientation": "opposite", "incompleteness": "20%~50%"}}}, {"uid": "GNKP1D9PIpbSst9M", "label": "table", "modelId": "custom.abandon", "children": [], "objectId": 22, "segments": {"obb": {"centroid": [105.66165398113085, 57.078102343182344, 85.3512384216925], "axesLengths": [99.68106854270553, 42.42360706116486, 53.0724139741644], "normalizedAxes": [0.9892791221366356, 0.0032387691387391043, -0.14600112629371578, -0.0033308476547107497, 0.9999943781320181, -0.0003862101234966066, 0.1459990546492295, 0.0008683771210335557, 0.9892843483866036]}, "partId": 22, "fixScale": true, "segments": [345971], "fixRotate": true, "obbAligned": {"centroid": [1.146692373078009, 3.243456477975066, -0.014218955110504417], "axesLengths": [0.530724139741644, 0.9968106854270553, 0.4242360706116486], "normalizedAxes": [0.9892843483866036, 0.1459990546492295, 0.0008683771210335557, -0.14600112629371578, 0.9892791221366356, 0.0032387691387391043, -0.0003862101234966066, -0.0033308476547107497, 0.9999943781320181]}, "fixPosition": true, "dominantNormal": [-0.0033308476547107497, 0.9999943781320181, -0.0003862101234966066]}, "hierarchy": 1, "isInGroup": false, "labelType": "category", "attributes": {"tags": ["double_surface", "regular_shape", "current_scanning"], "attributes": {"occlusion": "0~20%", "orientation": "opposite", "incompleteness": "0~20%"}}}, {"uid": "c1QX9dAqzkTdSUsH", "label": "table", "modelId": "custom.abandon", "children": [], "objectId": 22, "segments": {"obb": {"centroid": [141.41937706388683, 54.92082880859013, 200.57081639423603], "axesLengths": [105.25761137672606, 39.94464730490917, 41.787952768926814], "normalizedAxes": [-0.9877526005476671, -0.0032298248311374246, 0.15599477024208858, -0.0033308476547107514, 0.9999943781320181, -0.00038621012349660655, -0.1559926458690375, -0.0009010748684496117, -0.9877578055874121]}, "partId": 22, "fixScale": true, "segments": [483247], "fixRotate": true, "obbAligned": {"centroid": [2.2988881528034444, 3.6010337088026256, -0.035791690456426606], "axesLengths": [0.41787952768926817, 1.0525761137672607, 0.3994464730490917], "normalizedAxes": [-0.9877578055874121, -0.1559926458690375, -0.0009010748684496117, 0.15599477024208858, -0.9877526005476671, -0.0032298248311374246, -0.00038621012349660655, -0.0033308476547107514, 0.9999943781320181]}, "fixPosition": true, "dominantNormal": [-0.0033308476547107514, 0.9999943781320181, -0.00038621012349660655]}, "hierarchy": 1, "isInGroup": false, "labelType": "category", "attributes": {"tags": ["double_surface", "current_scanning"], "attributes": {"occlusion": "0~20%", "orientation": "1", "incompleteness": "0~20%"}}}, {"uid": "i4kXUkK8wHSUHS1C", "label": "tv_monitor", "modelId": "custom.abandon", "children": [], "objectId": 22, "segments": {"obb": {"centroid": [139.1863157201561, 107.55735647138034, 195.95415005575188], "axesLengths": [107.98008455509407, 65.37384314135596, 7.371796086887625], "normalizedAxes": [-0.9877526005476671, -0.0032298248311374246, 0.15599477024208858, -0.0033308476547107514, 0.9999943781320181, -0.00038621012349660655, -0.1559926458690375, -0.0009010748684496117, -0.9877578055874121]}, "partId": 22, "fixScale": true, "segments": [284018], "fixRotate": true, "obbAligned": {"centroid": [2.2527214894186027, 3.5787030953653183, 0.4905735861714755], "axesLengths": [0.07371796086887625, 1.0798008455509407, 0.6537384314135596], "normalizedAxes": [-0.9877578055874121, -0.1559926458690375, -0.0009010748684496117, 0.15599477024208858, -0.9877526005476671, -0.0032298248311374246, -0.00038621012349660655, -0.0033308476547107514, 0.9999943781320181]}, "fixPosition": true, "dominantNormal": [-0.1559926458690375, -0.0009010748684496117, -0.9877578055874121]}, "hierarchy": 1, "isInGroup": false, "labelType": "category", "attributes": {"tags": ["double_surface", "regular_shape", "current_scanning"], "attributes": {"occlusion": "0~20%", "orientation": "1", "incompleteness": "0~20%"}}}, {"uid": "0tbZO3yOvXGwj7bB", "label": "cabinet", "modelId": "custom.abandon", "children": [], "objectId": 22, "segments": {"obb": {"centroid": [-14.205385405015392, 143.36288275550191, 283.1714745965698], "axesLengths": [102.82002008151956, 218.291032625909, 66.98215411107034], "normalizedAxes": [-0.9879279493630746, 0, 0.15491406284540785, 0, 1, 0, -0.15491406284540785, 0, -0.9879279493630746]}, "partId": 22, "fixScale": true, "segments": [736205, 730469], "fixRotate": true, "obbAligned": {"centroid": [3.124894734826782, 2.0447860841136034, 0.8486288490126912], "axesLengths": [0.6698215411107035, 1.0282002008151956, 2.18291032625909], "normalizedAxes": [-0.9879279493630746, -0.15491406284540785, 0, 0.15491406284540785, -0.9879279493630746, 0, 0, 0, 1]}, "fixPosition": true, "dominantNormal": [-0.15491406284540785, 0, -0.9879279493630746]}, "hierarchy": 1, "isInGroup": false, "labelType": "category", "attributes": {"tags": ["double_surface", "regular_shape", "current_scanning"], "attributes": {"occlusion": "0~20%", "orientation": "1", "incompleteness": "0~20%"}}}, {"uid": "erRRakrdI3vShu2y", "label": "cabinet", "modelId": "custom.abandon", "children": [], "objectId": 22, "segments": {"obb": {"centroid": [-107.91556350567353, 79.78654886312796, 210.68664965127599], "axesLengths": [105.44923272616651, 90.66386744479048, 59.568983723021574],